Timestamp,LineID,Parameter,GuideWord,RawOutput
2025-12-08 06:37:59,L1,Temperature,More,"E-1000H2O → E-1000H2O2,More,Temperature,High Temperature,Pump failure,DI/DO water recirculation stopped; localized overheating in line,Medium,4,3,12,Medium,Temperature gauge on outlet; pump status indicator,Low,3,1,3,Low,Install pump thermal overload protection,3,1,3,Engineering
E-1000H2O → E-1000H2O2,More,Temperature,High Temperature,Valve stuck closed,Heat build-up due to restriction in line—potential damage to pump,Medium,4,2,8,Medium,Handwheel valve checks; pump discharge pressure alarm,Low,3,1,3,Low,Implement regular valve maintenance,3,1,3,Maintenance
E-1000H2O → E-1000H2O2,More,Temperature,High Temperature,Valve stuck open,Hot water could recirculate into cleaned tank causing excessive temperature,Medium,3,3,9,Medium,Temperature monitoring at tank inlet,Low,2,1,2,Low,Upgrade valve with limit switch feedback,2,1,2,Engineering
E-1000H2O → E-1000H2O2,More,Temperature,High Temperature,Control valve failure,Loss of temperature control leads to water overheated,High,4,4,16,High,PLC interlock based on temperature feedback,Medium,3,3,9,Medium,Add redundant temperature transmitter,3,3,9,Engineering
E-1000H2O → E-1000H2O2,More,Temperature,High Temperature,Abmormal source,Incorrect water source (e.g., preheated water or wrong feed),High,4,5,20,High,Manual verification of water source temperature,Medium,3,4,12,Medium,Add source temperature interlock,3,4,12,Engineering
E-1000H2O → E-1000H2O2,More,Temperature,High Temperature,Blocked line,Water stagnates, absorbing ambient or process heat, raising temperature,Medium,3,3,9,Medium,Line temperature/pressure sensor,Low,2,2,4,Low,Periodic flushing protocol,2,2,4,Maintenance
E-1000H2O → E-1000H2O2,More,Temperature,High Temperature,Line rupture,Hot water leaks, potential scald or component damage,High,4,4,16,High,Pressure relief valve; area temperature alarms,Medium,3,3,9,Medium,Install leak detection system,3,3,9,Engineering
E-1000H2O → E-1000H2O2,More,Temperature,High Temperature,Leakage in pipe or flange,Localized hot water leakage causes temperature rise near equipment,Medium,3,3,9,Medium,Routine inspection; temperature sensor at flange,Low,2,2,4,Low,Improve gasket specification,2,2,4,Engineering
E-1000H2O → E-1000H2O2,More,Temperature,High Temperature,Air entrainment,Air pockets reduce cooling, causing temperature spikes,Medium,3,3,9,Medium,Air vent valves,Low,2,1,2,Low,Add auto-venting system,2,1,2,Engineering
E-1000H2O → E-1000H2O2,More,Temperature,High Temperature,Vapor lock,Flow interruption causes pump overheating,High,4,4,16,High,Built-in temperature trip at pump,Medium,3,3,9,Medium,Introduce vapor lock alarm,3,3,9,Engineering
E-1000H2O → E-1000H2O2,More,Temperature,High Temperature,Cavitation,Reduced cooling in pump increases line temperature,High,4,4,16,High,Pump inlet pressure/npsh monitoring,Medium,3,3,9,Medium,Upgrade to anti-cavitation design,3,3,9,Engineering
E-1000H2O → E-1000H2O2,More,Temperature,High Temperature,Flashing,Flashing at reduced pressure causes vapor and localized overheating,High,4,3,12,Medium,Pressure and temperature interlock,Low,3,1,3,Low,Install flashing dampers,3,1,3,Engineering
E-1000H2O → E-1000H2O2,More,Temperature,High Temperature,Slug flow,Rapid movement of water slugs can disrupt cooling and raise temperature,Medium,3,2,6,Medium,Temperature smoothing logic in BPCS,Low,2,1,2,Low,Refine filling & startup procedure,2,1,2,Operations
E-1000H2O → E-1000H2O2,More,Temperature,High Temperature,Fouling in heat exchanger,Reduced transfer efficiency raises return water temperature,Medium,4,3,12,Medium,Heat exchanger temperature differential alarm,Low,3,1,3,Low,Scheduled chemical cleaning,3,1,3,Maintenance
E-1000H2O → E-1000H2O2,More,Temperature,High Temperature,Tube rupture in heat exchanger,Hot water escapes, possible equipment overheating,High,5,3,15,High,Temperature sensors downstream,Medium,4,2,8,Medium,Add double wall heat exchanger,4,2,8,Engineering
E-1000H2O → E-1000H2O2,More,Temperature,High Temperature,Cooling water failure,No heat removal—temperature rises in the cleaning line,High,5,4,20,High,Dedicated flow & temp alarm on cooler,Medium,4,3,12,Medium,Install backup chilled water supply,4,3,12,Engineering
E-1000H2O → E-1000H2O2,More,Temperature,High Temperature,Steam supply failure,Loss of heating control can trigger control system over-responding,High,5,3,15,High,Temperature override logic,Medium,4,2,8,Medium,Add backup heating; adjust control,4,2,8,Engineering
E-1000H2O → E-1000H2O2,More,Temperature,High Temperature,Instrument failure - sensor,Temperature not correctly monitored—risk of undetected overheating,High,4,4,16,High,Redundant RTD sensors; field calibration checks,Medium,3,3,9,Medium,Install sensor health diagnostics,3,3,9,Engineering
E-1000H2O → E-1000H2O2,More,Temperature,High Temperature,Instrument failure - transmitter,Transmitter stuck high/low prevents correct temp control,High,4,3,12,Medium,Temperature transmitter diagnostics,Low,3,1,3,Low,Replace transmitters with SIL2-rated models,3,1,3,Engineering
E-1000H2O → E-1000H2O2,More,Temperature,High Temperature,Instrument failure - controller,PID loop fails, temperature can increase uncontrolled,High,5,4,20,High,Manual local override switch,Medium,4,3,12,Medium,Add redundant controller logic,4,3,12,Engineering
E-1000H2O → E-1000H2O2,More,Temperature,High Temperature,Instrument failure - valve actuator,Valve fails to modulate flow, can cause run-away temperature,High,5,3,15,High,Actuator status feedback,Medium,4,2,8,Medium,Install valve actuator diagnostic output,4,2,8,Engineering
E-1000H2O → E-1000H2O2,More,Temperature,High Temperature,Instrument calibration drift,Gradual temp shift goes uncorrected, control degrades,Medium,3,3,9,Medium,Regular calibration schedule,Low,2,1,2,Low,Implement automated calibration tracking,2,1,2,Maintenance
E-1000H2O → E-1000H2O2,More,Temperature,High Temperature,Controller setpoint error,Setpoint too high—excessively hot water flows to tank,Medium,4,3,12,Medium,Setpoint review protocol,Low,3,1,3,Low,Install setpoint range restriction in PLC,3,1,3,Engineering
E-1000H2O → E-1000H2O2,More,Temperature,High Temperature,PID tuning error,Aggravated temp swings during control response,Medium,3,4,12,Medium,Control system trending; auto-tuning enabled,Low,2,3,6,Low,Operator training on PID tuning,2,3,6,Operations
E-1000H2O → E-1000H2O2,More,Temperature,High Temperature,Power failure (main),Loss of power disables pump and temp control; heat-soak risk,High,4,4,16,High,Auto-shutdown on power loss,Medium,3,3,9,Medium,Connect pump to backup generator,3,3,9,Engineering
E-1000H2O → E-1000H2O2,More,Temperature,High Temperature,Power fluctuation or dip,Temporary pump stoppage, water trapped in pipe can heat up,Medium,4,3,12,Medium,Uninterruptible power supply (UPS),Low,3,1,3,Low,Power quality monitoring system,3,1,3,Engineering
E-1000H2O → E-1000H2O2,More,Temperature,High Temperature,UPS failure,Loss of backup power disables cooling; hot spots develop,Medium,3,3,9,Medium,Manual cooling with portable units,Low,2,1,2,Low,Regular UPS health check,2,1,2,Maintenance
E-1000H2O → E-1000H2O2,More,Temperature,High Temperature,Alarm failure,High temp undetected leads to excessive exposure,High,4,5,20,High,Redundant audible/visual alarms,Medium,3,4,12,Medium,Test alarms during monthly drills,3,4,12,Operations
E-1000H2O → E-1000H2O2,More,Temperature,High Temperature,Interlock logic error,Temperature trips or cut-outs not triggered,High,4,4,16,High,Routine interlock proof-testing,Medium,3,3,9,Medium,Independent review of interlock logic,3,3,9,Engineering
E-1000H2O → E-1000H2O2,More,Temperature,High Temperature,Interlock bypassed,Temperature protection intentionally or accidentally disabled,High,4,3,12,Medium,Bypass alarm and log,Low,3,1,3,Low,Restrict bypass access to supervisors,3,1,3,Operations
E-1000H2O → E-1000H2O2,More,Temperature,High Temperature,PSV stuck closed,No overpressure relief, temperature can reach unsafe levels,High,4,5,20,High,Temperature and pressure safety valve,Medium,3,4,12,Medium,Frequently test PSV operation,3,4,12,Maintenance
E-1000H2O → E-1000H2O2,More,Temperature,High Temperature,PSV stuck open,Loss of water inventory and possible ingress of contaminants; temp instability,Medium,3,3,9,Medium,Level alarms at tank,Low,2,2,4,Low,PSV service per maintenance plan,2,2,4,Maintenance
E-1000H2O → E-1000H2O2,More,Temperature,High Temperature,PSV setpoint incorrect,Premature or delayed relief affects temp control,High,4,4,16,High,Setpoint verification protocol,Medium,3,3,9,Medium,Third-party calibration verification,3,3,9,Engineering
E-1000H2O → E-1000H2O2,More,Temperature,High Temperature,Human error - startup,Incorrect pump or valve settings, overheat in transfer,Medium,3,4,12,Medium,Startup checklist for operators,Low,2,3,6,Low,Refresher operator training,2,3,6,Operations
E-1000H2O → E-1000H2O2,More,Temperature,High Temperature,Human error - shutdown,Not flushing system after shutdown, residual heat,Medium,3,3,9,Medium,Shutdown checklist,Low,2,2,4,Low,Enhance shutdown SOP and training,2,2,4,Operations
E-1000H2O → E-1000H2O2,More,Temperature,High Temperature,Human error - normal operation,Incorrect controls, causing prolonged high temperature,Medium,3,3,9,Medium,Operator supervisory review,Low,2,2,4,Low,Daily operations logbook checks,2,2,4,Operations
E-1000H2O → E-1000H2O2,More,Temperature,High Temperature,Operator misreads gauge,Overlooked over-temperature condition in line,Medium,3,3,9,Medium,Digital temp display with alarm,Low,2,2,4,Low,Install digital display with alert,2,2,4,Engineering
E-1000H2O → E-1000H2O2,More,Temperature,High Temperature,Incorrect manual valve alignment,Flow path error results in unintended heating sequence,High,4,4,16,High,Line-up verification sheet,Medium,3,3,9,Medium,Color-code manual valves,3,3,9,Operations
E-1000H2O → E-1000H2O2,More,Temperature,High Temperature,Maintenance error - reinstatement,Hot water left in line or pump not reconnected, causes heat soak,Medium,3,3,9,Medium,Post-maintenance functional test,Low,2,2,4,Low,Add QA step after maintenance,2,2,4,Maintenance
E-1000H2O → E-1000H2O2,More,Temperature,High Temperature,Maintenance error - bypass left open,Bypass impairs cooling circuit; temperature rises unchecked,Medium,3,2,6,Medium,Bypass position indicator,Low,2,1,2,Low,Lockable bypass valves,2,1,2,Maintenance
E-1000H2O → E-1000H2O2,More,Temperature,High Temperature,Utility outage,Chiller or heating interruption leads to temp excursion,High,4,3,12,Medium,Automatic event logging,Low,3,1,3,Low,Add utility outage alarm,3,1,3,Engineering
E-1000H2O → E-1000H2O2,More,Temperature,High Temperature,Incorrect mixing ratio,Too little water increases heat content in H2O2 tank,High,4,4,16,High,Mixing monitoring procedure,Medium,3,3,9,Medium,Install in-line mixing analyzer,3,3,9,Engineering
E-1000H2O → E-1000H2O2,More,Temperature,High Temperature,Ambient temperature,Elevated ambient can heat exposed piping during transfer,Medium,3,3,9,Medium,Pipe insulation and shaded runs,Low,2,2,4,Low,Monitor ambient temp near line,2,2,4,Engineering
E-1000H2O → E-1000H2O2,More,Temperature,High Temperature,Phase separation error,Water and peroxide separate, causing local hot spots,Medium,3,3,9,Medium,Regular circulation during transfer,Low,2,2,4,Low,Online phase analyzer,2,2,4,Engineering
E-1000H2O → E-1000H2O2,More,Temperature,High Temperature,Tank overfill,Thermal expansion causes overflow; high temp water released,High,5,3,15,High,Level and temp interlock,Medium,4,2,8,Medium,Install redundant high-level trip,4,2,8,Engineering
E-1000H2O → E-1000H2O2,More,Temperature,High Temperature,Wrong phase (liquid/vapor),Steam accidentally transferred, overheating tank and pipe,High,5,3,15,High,Phase indicator; temp alarm,Medium,4,2,8,Medium,Put phase check in SOP,4,2,8,Operations
E-1000H2O → E-1000H2O2,More,Temperature,High Temperature,Wrong chemical added,Hot liquid or reagent instead of water, raises process temp,High,4,4,16,High,Line labeling; cross-check source,Medium,3,3,9,Medium,Barcode scanning at pump-out,3,3,9,Operations
E-1000H2O → E-1000H2O2,More,Temperature,High Temperature,Mixing incompatible materials,Unintended exotherm elevates temperature, possible equipment damage,High,5,3,15,High,Mixing checklist; material compatibility list,Medium,4,2,8,Medium,Add compatibility check to software,4,2,8,Engineering
E-1000H2O → E-1000H2O2,More,Temperature,High Temperature,Safety relief device blocked,Can’t relieve excess pressure from boiling—overtemp and overpressure result,High,4,5,20,High,Regular PSV inspections,Medium,3,4,12,Medium,Add PSV blockage detection,3,4,12,Maintenance
E-1000H2O → E-1000H2O2,More,Temperature,High Temperature,Incorrect procedure followed,Bypassing temp controls/steps, process exceeds safe limit,High,4,4,16,High,Procedure sign-off sheet,Medium,3,3,9,Medium,Annual SOP review and retraining,3,3,9,Operations"
2025-12-08 06:38:56,L1,Temperature,Less,"E-1000H2O → E-1000H2O2,Less,Temperature,Low Temperature,Pump failure,Insufficient DI/DO water transfer leads to main tank not reaching cleaning temp; poor cleaning,Medium,3,4,4,Medium,Temperature gauge TI-T1; operator monitoring,Low,2,2,2,Low,Install local temperature alarm on line,2,2,2,Engineering
E-1000H2O → E-1000H2O2,Less,Temperature,Low Temperature,Valve stuck closed,No water flow to main tank; tank remains cold and is inadequately cleaned,Medium,3,3,3,Medium,DCS valve open indication; SOP verification,Low,2,2,2,Low,Add valve position feedback to HMI,2,2,2,Engineering
E-1000H2O → E-1000H2O2,Less,Temperature,Low Temperature,Valve stuck open,Cold water continuously enters; main tank cannot be heated to ideal temp,Medium,3,2,2,Low,Manual valve checks; periodic operator rounds,Low,2,1,1,Low,Install limit switch on valve,2,1,1,Engineering
E-1000H2O → E-1000H2O2,Less,Temperature,Low Temperature,Control valve failure,Improper water addition; main tank does not attain cleaning temp,Medium,3,4,4,Medium,Temperature controller interlock,Low,2,2,2,Low,Service/replace control valve routinely,2,2,2,Maintenance
E-1000H2O → E-1000H2O2,Less,Temperature,Low Temperature,Abmormal source,Cold or contaminated cleaning water reduces tank temp; cleaning efficacy compromised,Medium,3,3,3,Medium,Lab analysis; incoming water spec verification,Low,2,2,2,Low,Install inline thermometer and ensure supplier certification,2,2,2,Operations
E-1000H2O → E-1000H2O2,Less,Temperature,Low Temperature,Blocked line,Water cannot reach tank, tank doesn't warm up; cleaning incomplete,Medium,3,3,3,Medium,Differential pressure monitoring,Low,2,2,2,Low,Add DP transmitter alarm,2,2,2,Engineering
E-1000H2O → E-1000H2O2,Less,Temperature,Low Temperature,Line rupture,Water lost before reaching tank, lowering temperature, possible water spill,Medium,3,2,2,Low,Pipe visual inspection; leak detection tape,Low,2,1,1,Low,Enhance line inspection frequency,2,1,1,Maintenance
E-1000H2O → E-1000H2O2,Less,Temperature,Low Temperature,Leakage in pipe or flange,Leakage reduces inflow rate, temperature not achieved, possible slip hazard,Medium,3,3,3,Medium,Periodic flange leak checks,Low,2,2,2,Low,Apply flange tagging system for early identification,2,2,2,Maintenance
E-1000H2O → E-1000H2O2,Less,Temperature,Low Temperature,Air entrainment,Air in line reduces water transfer efficiency and lowers tank temperature,Medium,3,2,2,Low,Air vent valves; operator training,Low,2,1,1,Low,Automate air venting on fill startup,2,1,1,Engineering
E-1000H2O → E-1000H2O2,Less,Temperature,Low Temperature,Vapor lock,Air-bubble blockage halts flow, tank does not reach required temp,Medium,3,2,2,Low,Auto-venting mechanisms,Low,2,1,1,Low,Add vent point at pump discharge,2,1,1,Engineering
E-1000H2O → E-1000H2O2,Less,Temperature,Low Temperature,Cavitation,Cavitation in pump reduces flow, tank not properly flushed/warmed,Medium,3,3,3,Medium,Pump suction pressure monitoring,Low,2,2,2,Low,Install anti-cavitation control logic,2,2,2,Engineering
E-1000H2O → E-1000H2O2,Less,Temperature,Low Temperature,Flashing,Unwanted vapor reduces water flow, tank does not reach set cleaning temp,Medium,3,2,2,Low,Temperature and pressure monitoring,Low,2,1,1,Low,Review pressure profile to prevent flashing,2,1,1,Engineering
E-1000H2O → E-1000H2O2,Less,Temperature,Low Temperature,Slug flow,Irregular flow causes tank not to reach temperature, uneven cleaning,Medium,3,2,2,Low,Operator observation during fill,Low,2,1,1,Low,Modify filling procedure to control flow rate,2,1,1,Operations
E-1000H2O → E-1000H2O2,Less,Temperature,Low Temperature,Fouling in heat exchanger,Reduced heat transfer to water line supplies cool water, poor cleaning,Medium,3,3,3,Medium,Heat exchanger cleaning routine,Low,2,2,2,Low,Increase heat exchanger cleaning frequency,2,2,2,Maintenance
E-1000H2O → E-1000H2O2,Less,Temperature,Low Temperature,Tube rupture in heat exchanger,Bypass of heat transfer, water temperature remains low, poor sanitization,Medium,3,2,2,Low,Pressure drop alarm across exchanger,Low,2,1,1,Low,Replace/repair tube bundle on first rupture sign,2,1,1,Maintenance
E-1000H2O → E-1000H2O2,Less,Temperature,Low Temperature,Cooling water failure,If present, excess cooling causes water supply to remain cold, impairs cleaning,Medium,3,2,2,Low,Cooling water valve status monitoring,Low,2,1,1,Low,Verify cooling systems are isolated before cleaning,2,1,1,Operations
E-1000H2O → E-1000H2O2,Less,Temperature,Low Temperature,Steam supply failure,No steam if required for heating; supply stays too cold for cleaning,Medium,3,3,3,Medium,Steam supply pressure indicator,Low,2,2,2,Low,Add auto-notification for low steam pressure,2,2,2,Engineering
E-1000H2O → E-1000H2O2,Less,Temperature,Low Temperature,Instrument failure - sensor,Broken temperature sensor T1 reports low reading but tank is fine; overfilling risk,Medium,3,3,3,Medium,Redundant temperature sensors,Low,2,2,2,Low,Implement routine sensor calibration checks,2,2,2,Maintenance
E-1000H2O → E-1000H2O2,Less,Temperature,Low Temperature,Instrument failure - transmitter,Transmitter sends faulty low value; operator tries to compensate, possible process disruption,Medium,3,3,3,Medium,Alarm for transmitter status,Low,2,2,2,Low,Upgrade transmitter with diagnostics,2,2,2,Engineering
E-1000H2O → E-1000H2O2,Less,Temperature,Low Temperature,Instrument failure - controller,PID fails to control heating (if present), tank remains cold, cleaning degraded,Medium,3,2,2,Low,Manual override capability,Low,2,1,1,Low,Regular controller functional tests,2,1,1,Maintenance
E-1000H2O → E-1000H2O2,Less,Temperature,Low Temperature,Instrument failure - valve actuator,Valve does not open, prevents water transfer, low tank temp,Medium,3,3,3,Medium,Local valve actuator position indication,Low,2,2,2,Low,Quarterly actuator movement verification,2,2,2,Maintenance
E-1000H2O → E-1000H2O2,Less,Temperature,Low Temperature,Instrument calibration drift,Temperature/flow readings offset, cleaning process underperforms, Medium,3,2,2,Low,Periodic recalibration program,Low,2,1,1,Low,Automate calibration logging with software,2,1,1,Maintenance
E-1000H2O → E-1000H2O2,Less,Temperature,Low Temperature,Controller setpoint error,Operator/programming error sets too low temp, tank not adequately cleaned,Medium,3,2,2,Low,Double-check setpoint entry; operator confirmation,Low,2,1,1,Low,Implement setpoint change approval step,2,1,1,Operations
E-1000H2O → E-1000H2O2,Less,Temperature,Low Temperature,PID tuning error,Poor PID settings prevent target temperature being reached,Medium,3,2,2,Low,Regular PID review procedure,Low,2,1,1,Low,Annual PID loop tuning review,2,1,1,Engineering
E-1000H2O → E-1000H2O2,Less,Temperature,Low Temperature,Power failure (main),No power to heating/transfer system, tank remains cold, cleaning not completed,Medium,3,3,3,Medium,UPS backup power supply for pump/heater,Low,2,2,2,Low,Upgrade to redundant UPS for critical components,2,2,2,Engineering
E-1000H2O → E-1000H2O2,Less,Temperature,Low Temperature,Power fluctuation or dip,Short power drops cause pump shutoff, water not delivered, tank cold,Medium,3,3,3,Medium,Power surge/dip protectors,Low,2,2,2,Low,Implement power quality monitoring,2,2,2,Engineering
E-1000H2O → E-1000H2O2,Less,Temperature,Low Temperature,UPS failure,UPS does not provide power during outage, water transfer stops,Medium,3,2,2,Low,UPS health checks and battery surveillance,Low,2,1,1,Low,Add secondary backup power,2,1,1,Engineering
E-1000H2O → E-1000H2O2,Less,Temperature,Low Temperature,Alarm failure,Operator unaware of low temp condition; cleaning quality missed,Medium,3,3,3,Medium,Redundant alarms; manual checks,Low,2,2,2,Low,Add independent mechanical thermometer,2,2,2,Engineering
E-1000H2O → E-1000H2O2,Less,Temperature,Low Temperature,Interlock logic error,Incorrect logic prevents water transfer, tank temp remains low,Medium,3,3,3,Medium,Interlock checkout testing,Low,2,2,2,Low,Implement logic validation before operation,2,2,2,Engineering
E-1000H2O → E-1000H2O2,Less,Temperature,Low Temperature,Interlock bypassed,Bypassed safety prevents interlocked flow, tank not heated, cleaning incomplete,Medium,3,2,2,Low,Interlock bypass log/permit system,Low,2,1,1,Low,Install interlock position indication,2,1,1,Engineering
E-1000H2O → E-1000H2O2,Less,Temperature,Low Temperature,PSV stuck closed,N/A; No over-temp pressure event, no impact on cleaning temp,N/A,1,1,1,Low,N/A,N/A,1,1,1,Low,N/A,1,1,1,Engineering
E-1000H2O → E-1000H2O2,Less,Temperature,Low Temperature,PSV stuck open,N/A, no pressurized system in water transfer, no effect on temperature,N/A,1,1,1,Low,N/A,N/A,1,1,1,Low,N/A,1,1,1,Engineering
E-1000H2O → E-1000H2O2,Less,Temperature,Low Temperature,PSV setpoint incorrect,N/A; pressure safety setpoint irrelevant for low-temp water line,N/A,1,1,1,Low,N/A,N/A,1,1,1,Low,N/A,1,1,1,Engineering
E-1000H2O → E-1000H2O2,Less,Temperature,Low Temperature,Human error - startup,Operator skips pre-warmup or fails to check temp, poor cleaning,Medium,3,3,3,Medium,Startup checklist including temperature,Low,2,2,2,Low,Refresher operator training,2,2,2,Operations
E-1000H2O → E-1000H2O2,Less,Temperature,Low Temperature,Human error - shutdown,Operator shuts system before temp is reached, incomplete tank cleaning,Medium,3,2,2,Low,Shutdown procedure review,Low,2,1,1,Low,Add shutdown step confirmation prompt,2,1,1,Engineering
E-1000H2O → E-1000H2O2,Less,Temperature,Low Temperature,Human error - normal operation,Operator misses temp drop during cleaning, cleaning inefficient,Medium,3,3,3,Medium,Operator rounds; temp trend displays,Low,2,2,2,Low,Increase frequency of readings,2,2,2,Operations
E-1000H2O → E-1000H2O2,Less,Temperature,Low Temperature,Operator misreads gauge,Temperature below minimum allowed, low-quality cleaning,Medium,3,2,2,Low,Digital and analog temp readouts,Low,2,1,1,Low,Install digital gauges with large display,2,1,1,Engineering
E-1000H2O → E-1000H2O2,Less,Temperature,Low Temperature,Incorrect manual valve alignment,Incorrect valve setting blocks flow, water temp low,Medium,3,2,2,Low,Prestart alignment checklist,Low,2,1,1,Low,Tag critical valve positions,2,1,1,Operations
E-1000H2O → E-1000H2O2,Less,Temperature,Low Temperature,Maintenance error - reinstatement,Incorrect pipe reconnection after work, flow is cold, tank not cleaned,Medium,3,2,2,Low,Post-maintenance checklist,Low,2,1,1,Low,Institute double-check signoff for reinstatement,2,1,1,Maintenance
E-1000H2O → E-1000H2O2,Less,Temperature,Low Temperature,Maintenance error - bypass left open,Bypass left open dilutes temp, tank not reaching cleaning requirements,Medium,3,2,2,Low,Bypass checklist and periodic walkdown,Low,2,1,1,Low,Physical lock/tag until verification,2,1,1,Maintenance
E-1000H2O → E-1000H2O2,Less,Temperature,Low Temperature,Utility outage,Loss of utility (steam/water/power) prevents tank heating, process interrupted,Medium,3,3,3,Medium,Utility status alarms in control room,Low,2,2,2,Low,Develop loss-of-utility contingency procedure,2,2,2,Engineering
E-1000H2O → E-1000H2O2,Less,Temperature,Low Temperature,Incorrect mixing ratio,Water may be diluted/mixed incorrectly, insufficient heat to clean,Medium,3,2,2,Low,Batch sheet review; operator training,Low,2,1,1,Low,Add mixing ratio auto-check display,2,1,1,Engineering
E-1000H2O → E-1000H2O2,Less,Temperature,Low Temperature,Ambient temperature,Low ambient temp causes transfer line or tank to remain cold, Medium,3,3,3,Medium,Process area temperature monitoring,Low,2,2,2,Low,Install heat trace/insulation on line,2,2,2,Engineering
E-1000H2O → E-1000H2O2,Less,Temperature,Low Temperature,Phase separation error,Water with air/contaminant enters, fails to reach temperature, tank cleaning compromised,Medium,3,2,2,Low,Sample pre-transfer; visual assessment,Low,2,1,1,Low,Develop phase verification SOP,2,1,1,Operations
E-1000H2O → E-1000H2O2,Less,Temperature,Low Temperature,Tank overfill,Excessive water cools tank, temp requirement not met, possible spill,Medium,3,3,3,Medium,Level instrument LIT; high level alarm,Low,2,2,2,Low,Install auto shutoff at high level,2,2,2,Engineering
E-1000H2O → E-1000H2O2,Less,Temperature,Low Temperature,Wrong phase (liquid/vapor),Vapor instead of liquid introduced, tank not reaching required temp, cleaning suboptimal,Medium,3,2,2,Low,Visual indicator for phase confirmation,Low,2,1,1,Low,Operator training on phase checks,2,1,1,Operations
E-1000H2O → E-1000H2O2,Less,Temperature,Low Temperature,Wrong chemical added,Wrong solution replaces water, fails to clean, temp impact varies, spill or reaction,Medium,3,2,2,Low,Labeling and chemical ID checks,Low,2,1,1,Low,Install barcode chemical ID system,2,1,1,Operations
E-1000H2O → E-1000H2O2,Less,Temperature,Low Temperature,Mixing incompatible materials,Incompatible residue lowers effective cleaning temp, can cause tank corrosion,Medium,3,2,2,Low,Operator checks and cleaning matrix,Low,2,1,1,Low,Automate cleaning program to prevent error,2,1,1,Engineering
E-1000H2O → E-1000H2O2,Less,Temperature,Low Temperature,Safety relief device blocked,N/A; not applicable to low-temp water cleaning process,N/A,1,1,1,Low,N/A,N/A,1,1,1,Low,N/A,1,1,1,Engineering
E-1000H2O → E-1000H2O2,Less,Temperature,Low Temperature,Incorrect procedure followed,Skipped temperature critical step, cleaning incomplete,Medium,3,3,3,Medium,Procedure adherence audit,Low,2,2,2,Low,Refresh operator training and retrain on cleaning sequence,2,2,2,Operations"
2025-12-08 06:39:59,L2,Temperature,More,"E-1000H2O2 → Waste liquid,More,Temperature,High Temperature,Pump failure,Failure of circulation pump causes stagnant fluid leading to local overheating and increased risk of H₂O₂ decomposition,High,5,5,5,High,Temperature monitoring with alarm and CO2-based cooling,Medium,4,4,4,Medium,Install backup circulation pump to maintain fluid movement,4,4,4,Maintenance
E-1000H2O2 → Waste liquid,More,Temperature,High Temperature,Valve stuck closed,Valve V-D1 stuck closed prevents drainage, causing heat to accumulate in tank,Medium,4,3,4,Medium,Manual check of valve position,Low,3,2,2,Low,Implement periodic functional testing of drain valve,3,2,2,Maintenance
E-1000H2O2 → Waste liquid,More,Temperature,High Temperature,Valve stuck open,Valve V-D1 stuck open allows unwanted hot fluid to drain into waste, risking overheating in downstream system,Medium,3,4,4,Medium,Interlock to restrict valve opening duration,Low,2,2,2,Low,Add timer interlock to drain valve,2,2,2,Engineering
E-1000H2O2 → Waste liquid,More,Temperature,High Temperature,Control valve failure,Failure of any automated control valve introduces uncontrolled flow, raising downstream temperature,High,4,5,5,High,PLC-based control with alarm and manual override,Medium,3,4,4,Medium,Schedule quarterly valve functional testing,3,4,4,Maintenance
E-1000H2O2 → Waste liquid,More,Temperature,High Temperature,Abmormal source,DI/DO water supply or tank mistakenly replaced with hot water, excessive temperature in line,Medium,3,4,4,Medium,Temperature indication at inlet,Low,2,2,2,Low,Train operators regarding correct water supply selection,2,2,2,Operations
E-1000H2O2 → Waste liquid,More,Temperature,High Temperature,Blocked line,Blockage restricts coolant or cleaning water outflow, causing overheating in tank,High,4,5,5,High,High-pressure differential alarm in line,Medium,3,4,4,Medium,Establish routine line flushing program,3,4,4,Maintenance
E-1000H2O2 → Waste liquid,More,Temperature,High Temperature,Line rupture,Rupture during drainage could expose contents to ambient heat, leading to rapid temperature rise and vapor release,High,5,4,5,High,Secondary containment, temperature and vapor detection,Medium,4,3,4,Medium,Upgrade piping to higher temperature rating,4,3,4,Engineering
E-1000H2O2 → Waste liquid,More,Temperature,High Temperature,Leakage in pipe or flange,Leakage allows hot H₂O₂ or water to contact surroundings, increasing local temperature and decomposition risk,Medium,4,3,4,Medium,Regular visual inspection; leak detection,Low,3,2,2,Low,Enhance flange monitoring and leak reporting,3,2,2,Maintenance
E-1000H2O2 → Waste liquid,More,Temperature,High Temperature,Air entrainment,Entrapped air during draining raises risk of exothermic peroxide degradation and local heating,High,4,4,4,Medium,Degassing protocol before drainage,Low,3,2,2,Low,Install inline air eliminator,3,2,2,Engineering
E-1000H2O2 → Waste liquid,More,Temperature,High Temperature,Vapor lock,Vapor in the line traps heat, preventing effective cooling or cleaning,Medium,3,3,3,Medium,Thermocouples on drain line,Low,2,2,2,Low,Incline piping to reduce vapor lock likelihood,2,2,2,Engineering
E-1000H2O2 → Waste liquid,More,Temperature,High Temperature,Cavitation,Rapid temperature rise due to vapor bubble collapse during pump activation,High,4,5,5,High,Install pressure gauge downstream,Medium,3,4,4,Medium,Train operators to ramp up pump slowly,3,4,4,Operations
E-1000H2O2 → Waste liquid,More,Temperature,High Temperature,Flashing,Flashing of water or H₂O₂ during pressure drop causes temperature spikes in drain,Medium,4,3,4,Medium,Pressure monitoring with DCS alarm,Low,3,2,2,Low,Set lower maximum operating temperature limit,3,2,2,Engineering
E-1000H2O2 → Waste liquid,More,Temperature,High Temperature,Slug flow,Irregular bulk movement produces hotspots leading to temperature excursions,Medium,3,3,3,Medium,Operator monitoring of flow patterns,Low,2,2,2,Low,Automate level sensors to trigger alarms on erratic flows,2,2,2,Engineering
E-1000H2O2 → Waste liquid,More,Temperature,High Temperature,Fouling in heat exchanger,Fouled heat exchanger during cleaning cycle leads to ineffective cooling and excess temperature,High,5,4,5,High,Regular heat exchanger cleaning schedule,Medium,4,3,4,Medium,Upgrade to self-cleaning exchanger design,4,3,4,Engineering
E-1000H2O2 → Waste liquid,More,Temperature,High Temperature,Tube rupture in heat exchanger,Tube failure causes uncontrolled heat transfer, sudden temperature rise in tank or drain,High,5,4,5,High,Exchanger pressure monitoring, CO2 cooling backup,Medium,4,3,4,Medium,Perform non-destructive tube testing annually,4,3,4,Engineering
E-1000H2O2 → Waste liquid,More,Temperature,High Temperature,Cooling water failure,No cooling during cleaning so tank temperature increases,High,4,5,5,High,Temperatures alarm, independent cooling circuit,Medium,3,4,4,Medium,Install redundant cooling water supply,3,4,4,Engineering
E-1000H2O2 → Waste liquid,More,Temperature,High Temperature,Steam supply failure,Steam supply malfunction causes inadequate temperature control and possible warming,Medium,3,3,3,Medium,Steam trap maintenance,Low,2,2,2,Low,Monitor condensate return temperatures,2,2,2,Maintenance
E-1000H2O2 → Waste liquid,More,Temperature,High Temperature,Instrument failure - sensor,Temperature sensor fails, actual temperature goes unnoticed and rises excessively,High,5,5,5,High,Install redundant temperature sensors,Medium,4,4,4,Medium,Increase sensor calibration frequency,4,4,4,Maintenance
E-1000H2O2 → Waste liquid,More,Temperature,High Temperature,Instrument failure - transmitter,Transmitter failure prevents temperature readings to DCS, risking unnoticed overheating,High,4,4,4,Medium,Backup transmitter; manual checks,Low,3,2,2,Low,Link critical alarms to hardwired signals,3,2,2,Engineering
E-1000H2O2 → Waste liquid,More,Temperature,High Temperature,Instrument failure - controller,Controller fails to regulate cleaning or cooling cycles, raising tank temperature,High,5,4,5,High,Manual override capability in control room,Medium,4,3,4,Medium,Add automatic controller redundancy,4,3,4,Engineering
E-1000H2O2 → Waste liquid,More,Temperature,High Temperature,Instrument failure - valve actuator,Actuator fails, valve does not open/close as needed, leading to temperature escalation,Medium,4,3,4,Medium,Local position indicator on valve,Low,3,2,2,Low,Perform scheduled actuator preventative maintenance,3,2,2,Maintenance
E-1000H2O2 → Waste liquid,More,Temperature,High Temperature,Instrument calibration drift,Unrecognized drift in temperature readings fails to trigger alarm during overheating,Medium,3,3,3,Medium,Instrument calibration schedule,Low,2,2,2,Low,Increase calibration frequency quarterly,2,2,2,Maintenance
E-1000H2O2 → Waste liquid,More,Temperature,High Temperature,Controller setpoint error,Incorrect setpoint allows excessive temperature,High,4,4,4,Medium,Setpoint validation procedure for operators,Low,3,2,2,Low,Require dual sign-off for setpoint changes,3,2,2,Operations
E-1000H2O2 → Waste liquid,More,Temperature,High Temperature,PID tuning error,Poor tuning causes cycles of overheating during cleaning,Medium,3,3,3,Medium,PID audit reviews,Low,2,2,2,Low,Implement auto-tuning controller,2,2,2,Maintenance
E-1000H2O2 → Waste liquid,More,Temperature,High Temperature,Power failure (main),Loss of power disables cooling, tanks may heat up due to ambient or reaction,Medium,3,3,3,Medium,UPS backup on cooling system,Low,2,2,2,Low,Use energy storage for critical cooling,2,2,2,Engineering
E-1000H2O2 → Waste liquid,More,Temperature,High Temperature,Power fluctuation or dip,Voltage dips affect cooling and control, causing temporary overheating,Medium,3,3,3,Medium,Voltage monitoring,Low,2,2,2,Low,Install auto transfer switch to stabilize supply,2,2,2,Engineering
E-1000H2O2 → Waste liquid,More,Temperature,High Temperature,UPS failure,Failure of UPS disables alarms and cooling during outage,High,4,4,4,Medium,Regular UPS inspection and testing,Low,3,2,2,Low,Install UPS status alarms,3,2,2,Maintenance
E-1000H2O2 → Waste liquid,More,Temperature,High Temperature,Alarm failure,Temperature alarm fails to announce over-temperature condition, allowing escalation,High,5,4,5,High,Independent local visual temperature alarm,Medium,4,3,4,Medium,Automate alarm weekly functional test,4,3,4,Engineering
E-1000H2O2 → Waste liquid,More,Temperature,High Temperature,Interlock logic error,Faulty interlock does not close a valve in high temperature event,High,4,4,4,Medium,Logic validation procedures,Low,3,2,2,Low,Run full interlock test after any logic change,3,2,2,Engineering
E-1000H2O2 → Waste liquid,More,Temperature,High Temperature,Interlock bypassed,Bypass in place disables interlock meant to protect against excess heat,High,4,4,4,Medium,Locked bypass keys with log,Low,3,2,2,Low,Implement digital bypass log and alarm,3,2,2,Engineering
E-1000H2O2 → Waste liquid,More,Temperature,High Temperature,PSV stuck closed,No pressure relief - increases risk of exothermic reaction and heating with pressure,High,5,4,5,High,High temp/pressure trip alarm,Medium,4,3,4,Medium,Test PSV and implement routine inspection,4,3,4,Maintenance
E-1000H2O2 → Waste liquid,More,Temperature,High Temperature,PSV stuck open,Continuous venting could pull air into tank, accelerating heat transfer and risk,High,4,4,4,Medium,PSV vent temperature monitor,Low,3,2,2,Low,Inspect PSV venting monthly,3,2,2,Maintenance
E-1000H2O2 → Waste liquid,More,Temperature,High Temperature,PSV setpoint incorrect,PSV set to wrong value, allowing tank to overheat before relief,High,5,4,5,High,Setpoint cross-verification,Medium,4,3,4,Medium,Add independent setpoint verification and lockout,4,3,4,Engineering
E-1000H2O2 → Waste liquid,More,Temperature,High Temperature,Human error - startup,Improper startup lets tank temperature get above safe limits,High,5,4,5,High,Startup checklist, CO2 cooling stand-by,Medium,4,3,4,Medium,Mandate dual sign-off for phase-1 startup,4,3,4,Operations
E-1000H2O2 → Waste liquid,More,Temperature,High Temperature,Human error - shutdown,Failure to shut down cooling/cleaning properly allows overheat before drainage,Medium,4,3,4,Medium,Shutdown protocol checklist,Low,3,2,2,Low,Implement shutdown checklist signoff,3,2,2,Operations
E-1000H2O2 → Waste liquid,More,Temperature,High Temperature,Human error - normal operation,Misoperation during cleaning raises tank temperature,Medium,4,3,4,Medium,Operator training,Low,3,2,2,Low,Increase frequency of on-job training,3,2,2,Operations
E-1000H2O2 → Waste liquid,More,Temperature,High Temperature,Operator misreads gauge,Temperature exceeding limit not noticed, process continues,High,4,4,4,Medium,Digital temp display with alarm,Low,3,2,2,Low,Install large remote tank temperature display,3,2,2,Engineering
E-1000H2O2 → Waste liquid,More,Temperature,High Temperature,Incorrect manual valve alignment,Drain lines not properly aligned and tank temp increases,Medium,4,3,4,Medium,Drainage alignment checklist,Low,3,2,2,Low,Implement drain valve interlock to alignment,3,2,2,Engineering
E-1000H2O2 → Waste liquid,More,Temperature,High Temperature,Maintenance error - reinstatement,Equipment returned to service with stuck drain or cooling valve, causing overheat,High,4,5,5,High,Post-maintenance checklist,Medium,3,4,4,Medium,Checklist must require system verification prior to restart,3,4,4,Maintenance
E-1000H2O2 → Waste liquid,More,Temperature,High Temperature,Maintenance error - bypass left open,Bypass on cooling left open, preventing effective temperature control,High,4,4,4,Medium,Locked bypasses with log and periodic audit,Low,3,2,2,Low,Add alarm for bypass status,3,2,2,Engineering
E-1000H2O2 → Waste liquid,More,Temperature,High Temperature,Utility outage,Utility failure disables cooling, tank may heat due to ambient/reaction,High,4,4,4,Medium,Diesel generator backup for cooling,Low,3,2,2,Low,Schedule generator reliability drills,3,2,2,Maintenance
E-1000H2O2 → Waste liquid,More,Temperature,High Temperature,Incorrect mixing ratio,Too concentrated DI/DO solution affects reactivity and tank heats above design,High,5,4,5,High,Water quality and ratio check before operation,Medium,4,3,4,Medium,Double verification by two technicians for mix,4,3,4,Operations
E-1000H2O2 → Waste liquid,More,Temperature,High Temperature,Ambient temperature,High room temperature (e.g., summer) raises tank/drain heat,Medium,4,3,4,Medium,Room air conditioning and alarms,Low,3,2,2,Low,Schedule phase-1 cleaning in low ambient temp hours,3,2,2,Operations
E-1000H2O2 → Waste liquid,More,Temperature,High Temperature,Phase separation error,Failure to properly purge tank contents leaves phase with different temperature, causing heating,Medium,4,3,4,Medium,Pre-drain phase check protocol,Low,3,2,2,Low,Add inline fluid composition analyzer,3,2,2,Engineering
E-1000H2O2 → Waste liquid,More,Temperature,High Temperature,Tank overfill,Overfilled tank undergoes unexpected reaction, raising temperature,High,5,4,5,High,Automatic level and temp interlock,Medium,4,3,4,Medium,Increase high-level trip redundancy,4,3,4,Engineering
E-1000H2O2 → Waste liquid,More,Temperature,High Temperature,Wrong phase (liquid/vapor),Vapor instead of liquid in cleaning phase raises tank and line temperature,Medium,4,3,4,Medium,Fluid phase monitoring,Low,3,2,2,Low,Install vapor/liquid discrimination sensor,3,2,2,Engineering
E-1000H2O2 → Waste liquid,More,Temperature,High Temperature,Wrong chemical added,Addition of warm/hot chemical instead of DI/DO water causes tank temperature hike,High,5,4,5,High,Chemical addition permit and label review,Medium,4,3,4,Medium,Barcode chemical validation at fill point,4,3,4,Operations
E-1000H2O2 → Waste liquid,More,Temperature,High Temperature,Mixing incompatible materials,Unintentional mixing creates exothermic reaction, rapid temperature rise,High,5,4,5,High,Chemical compatibility matrix display,Medium,4,3,4,Medium,Implement lockable add ports with key control,4,3,4,Engineering
E-1000H2O2 → Waste liquid,More,Temperature,High Temperature,Safety relief device blocked,Blocked relief device prevents venting during overheating,High,5,4,5,High,Regular PSV/vent inspection,Medium,4,3,4,Medium,Install PSV blockage detector,4,3,4,Maintenance
E-1000H2O2 → Waste liquid,More,Temperature,High Temperature,Incorrect procedure followed,Operator skips step in cleaning, leading to tank overheating or excessive hold of hot liquid,High,4,4,4,Medium,Updated SOPs with detailed steps,Low,3,2,2,Low,Retrain staff with SOP simulation,3,2,2,Operations"
2025-12-08 06:40:41,L2,Temperature,Less,"E-1000H2O2 → Waste liquid,Less,Temperature,Low Temperature,Pump failure,Incomplete cleaning due to reduced water drainage temperature,Medium,3,4,4,Medium,Manual verification of cleaning step,Low,2,2,2,Low,Install low-temperature alarm,2,2,2,Engineering
E-1000H2O2 → Waste liquid,Less,Temperature,Low Temperature,Valve stuck closed,Low flow prevents effective draining; cleaning water temperature drops,Medium,4,3,4,Medium,Valve position indicator,Low,2,2,2,Low,Regular valve inspection,2,2,2,Maintenance
E-1000H2O2 → Waste liquid,Less,Temperature,Low Temperature,Valve stuck open,Ambient air ingress cools the line,Medium,3,3,3,Medium,Valve position indicator,Low,2,2,2,Low,Add air ingress monitoring,2,2,2,Engineering
E-1000H2O2 → Waste liquid,Less,Temperature,Low Temperature,Control valve failure,Insufficient hot water supply; temperature drops,Medium,3,3,3,Medium,Manual temperature logging,Low,2,2,2,Low,Inspect control valve operation,2,2,2,Maintenance
E-1000H2O2 → Waste liquid,Less,Temperature,Low Temperature,Abmormal source,Introduction of colder cleaning water,Medium,3,3,3,Medium,Water source temperature alarm,Low,2,2,2,Low,Ensure pre-use water temperature check,2,2,2,Operations
E-1000H2O2 → Waste liquid,Less,Temperature,Low Temperature,Blocked line,No flow of cleaning water, tank remains cold,Medium,4,3,4,Medium,Line pressure drop alarm,Low,2,2,2,Low,Schedule line flushing,2,2,2,Maintenance
E-1000H2O2 → Waste liquid,Less,Temperature,Low Temperature,Line rupture,Abrupt cooling and loss of fluid,Medium,3,3,3,Medium,Leak detection system,Low,2,2,2,Low,Improve leak response protocol,2,2,2,Operations
E-1000H2O2 → Waste liquid,Less,Temperature,Low Temperature,Leakage in pipe or flange,Uncontrolled escape cools line quickly,Medium,3,3,3,Medium,Routine line inspection,Low,2,2,2,Low,Improve leak records tracking,2,2,2,Maintenance
E-1000H2O2 → Waste liquid,Less,Temperature,Low Temperature,Air entrainment,Evaporative cooling reduces liquid temp,Medium,3,3,3,Medium,Visual flow check,Low,2,2,2,Low,Install air vent,2,2,2,Engineering
E-1000H2O2 → Waste liquid,Less,Temperature,Low Temperature,Vapor lock,Liquid cannot flush, line cools,Medium,3,3,3,Medium,Manual venting procedures,Low,2,2,2,Low,Update venting SOP,2,2,2,Operations
E-1000H2O2 → Waste liquid,Less,Temperature,Low Temperature,Cavitation,Temperature below design due to vapor bubble formation,Medium,4,2,3,Medium,Monitor for cavitation noise,Low,2,1,1,Low,Train staff on cavitation detection,2,1,1,Operations
E-1000H2O2 → Waste liquid,Less,Temperature,Low Temperature,Flashing,Liquid flashing cools line,Medium,4,2,3,Medium,Temperature alarm,Low,2,1,1,Low,Review pressure control settings,2,1,1,Engineering
E-1000H2O2 → Waste liquid,Less,Temperature,Low Temperature,Slug flow,Uneven flow creates local cooling,Medium,3,3,3,Medium,Flow check by operator,Low,2,2,2,Low,Install slug detector,2,2,2,Engineering
E-1000H2O2 → Waste liquid,Less,Temperature,Low Temperature,Fouling in heat exchanger,Cooling by unintended fouling,Medium,3,3,3,Medium,Schedule exchanger inspection,Low,2,2,2,Low,Increase cleaning frequency,2,2,2,Maintenance
E-1000H2O2 → Waste liquid,Less,Temperature,Low Temperature,Tube rupture in heat exchanger,Significant unintended cooling,Medium,4,2,3,Medium,Heat exchanger pressure alarm,Low,2,1,1,Low,Replace heat exchanger tube,2,1,1,Maintenance
E-1000H2O2 → Waste liquid,Less,Temperature,Low Temperature,Cooling water failure,Tank cooling during cleaning,Medium,3,4,4,Medium,Monitor cooling water temperature,Low,2,2,2,Low,Add backup cooling alarm,2,2,2,Maintenance
E-1000H2O2 → Waste liquid,Less,Temperature,Low Temperature,Steam supply failure,Lack of reheat leads to lower temp,Medium,3,4,4,Medium,Steam pressure monitor,Low,2,2,2,Low,Check steam supply redundancy,2,2,2,Engineering
E-1000H2O2 → Waste liquid,Less,Temperature,Low Temperature,Instrument failure - sensor,False low temp reading, cleaning incomplete,Medium,3,4,4,Medium,Redundant temp sensors,Low,2,2,2,Low,Test temperature sensors,2,2,2,Maintenance
E-1000H2O2 → Waste liquid,Less,Temperature,Low Temperature,Instrument failure - transmitter,No low temperature alarm activated,Medium,3,4,4,Medium,Transmitter signal check,Low,2,2,2,Low,Add periodic transmitter check,2,2,2,Maintenance
E-1000H2O2 → Waste liquid,Less,Temperature,Low Temperature,Instrument failure - controller,Falsely regulates to lower temp,Medium,3,4,4,Medium,Manual override option,Low,2,2,2,Low,Inspect controller logic,2,2,2,Engineering
E-1000H2O2 → Waste liquid,Less,Temperature,Low Temperature,Instrument failure - valve actuator,Valve fails open/closed; temp drops,Medium,3,3,3,Medium,Emergency handwheel,Low,2,2,2,Low,Add actuator fail indication,2,2,2,Maintenance
E-1000H2O2 → Waste liquid,Less,Temperature,Low Temperature,Instrument calibration drift,Temp readings unreliable—cold conditions undetected,Medium,3,3,3,Medium,Sensor calibration plan,Low,2,2,2,Low,Increase calibration frequency,2,2,2,Maintenance
E-1000H2O2 → Waste liquid,Less,Temperature,Low Temperature,Controller setpoint error,Setpoint below required temp,Medium,3,3,3,Medium,Operator setpoint confirmation,Low,2,2,2,Low,Add dual-approval for setpoints,2,2,2,Operations
E-1000H2O2 → Waste liquid,Less,Temperature,Low Temperature,PID tuning error,Poor tuning leads to temp drop,Medium,3,3,3,Medium,PID audit routine,Low,2,2,2,Low,PID tuning training,2,2,2,Engineering
E-1000H2O2 → Waste liquid,Less,Temperature,Low Temperature,Power failure (main),Loss of heat tracing, line chills,Medium,3,3,3,Medium,Uninterruptible power supply,Low,2,2,2,Low,Add UPS maintenance schedule,2,2,2,Maintenance
E-1000H2O2 → Waste liquid,Less,Temperature,Low Temperature,Power fluctuation or dip,Heating reduced, line cools,Medium,3,3,3,Medium,Low voltage detector,Low,2,2,2,Low,Monitor power quality,2,2,2,Engineering
E-1000H2O2 → Waste liquid,Less,Temperature,Low Temperature,UPS failure,Heating control lost, temp drops,Medium,3,3,3,Medium,Backup power system,Low,2,2,2,Low,Test UPS function monthly,2,2,2,Maintenance
E-1000H2O2 → Waste liquid,Less,Temperature,Low Temperature,Alarm failure,Low temp alarm not raised,Medium,3,3,3,Medium,Alarm test procedure,Low,2,2,2,Low,Increase alarm test frequency,2,2,2,Operations
E-1000H2O2 → Waste liquid,Less,Temperature,Low Temperature,Interlock logic error,Interlock fails to trigger, lower temp accepted,Medium,3,3,3,Medium,Logic checklists,Low,2,2,2,Low,Interlock validation audit,2,2,2,Engineering
E-1000H2O2 → Waste liquid,Less,Temperature,Low Temperature,Interlock bypassed,Operator disables interlock, remains cold,Medium,3,3,3,Medium,Bypass permit process,Low,2,2,2,Low,Monitor bypass usage,2,2,2,Operations
E-1000H2O2 → Waste liquid,Less,Temperature,Low Temperature,PSV stuck closed,Upstream overcooling not relieved,Medium,3,3,3,Medium,PSV inspection schedule,Low,2,2,2,Low,Add PSV temperature monitoring,2,2,2,Maintenance
E-1000H2O2 → Waste liquid,Less,Temperature,Low Temperature,PSV stuck open,Loss of heat via open vent,Medium,3,2,2,Low,PSV open indicator,Low,2,1,1,Low,Install PSV open alarm,2,1,1,Engineering
E-1000H2O2 → Waste liquid,Less,Temperature,Low Temperature,PSV setpoint incorrect,Premature opening vents heat,Medium,3,3,3,Medium,Calibration records,Low,2,2,2,Low,Review PSV setpoint annually,2,2,2,Maintenance
E-1000H2O2 → Waste liquid,Less,Temperature,Low Temperature,Human error - startup,Operator starts with cold line, incomplete clean,Medium,3,3,3,Medium,Startup checklist,Low,2,2,2,Low,Update startup SOPs,2,2,2,Operations
E-1000H2O2 → Waste liquid,Less,Temperature,Low Temperature,Human error - shutdown,Shutdown at low temp—residues remain,Medium,3,3,3,Medium,Shutdown checklist,Low,2,2,2,Low,Add shutdown step verification,2,2,2,Operations
E-1000H2O2 → Waste liquid,Less,Temperature,Low Temperature,Human error - normal operation,Incorrect tank temp maintained,Medium,3,3,3,Medium,Operator training schedule,Low,2,2,2,Low,Retrain operators,2,2,2,Operations
E-1000H2O2 → Waste liquid,Less,Temperature,Low Temperature,Operator misreads gauge,Cold conditions misidentified as normal,Medium,3,3,3,Medium,Digital readout,Low,2,2,2,Low,Review gauge calibration,2,2,2,Maintenance
E-1000H2O2 → Waste liquid,Less,Temperature,Low Temperature,Incorrect manual valve alignment,Premature cold water drains, Medium,3,3,3,Medium,Valve alignment checks,Low,2,2,2,Low,Increase valve labeling,2,2,2,Maintenance
E-1000H2O2 → Waste liquid,Less,Temperature,Low Temperature,Maintenance error - reinstatement,Connections left loose, heat loss,Medium,3,3,3,Medium,Post-maintenance checks,Low,2,2,2,Low,Update maintenance SOPs,2,2,2,Maintenance
E-1000H2O2 → Waste liquid,Less,Temperature,Low Temperature,Maintenance error - bypass left open,Bypass diverts hot water, line cools,Medium,3,3,3,Medium,Bypass status indicator,Low,2,2,2,Low,Add bypass position switches,2,2,2,Engineering
E-1000H2O2 → Waste liquid,Less,Temperature,Low Temperature,Utility outage,No heating, tank cold,Medium,3,3,3,Medium,Utility contingency plan,Low,2,2,2,Low,Include outage drills,2,2,2,Operations
E-1000H2O2 → Waste liquid,Less,Temperature,Low Temperature,Incorrect mixing ratio,Misproportioned water cools line,Medium,3,3,3,Medium,Mixing ratio checklist,Low,2,2,2,Low,Install mixing sensors,2,2,2,Engineering
E-1000H2O2 → Waste liquid,Less,Temperature,Low Temperature,Ambient temperature,Cold ambient prevails inside line,Medium,3,3,3,Medium,Insulation checks,Low,2,2,2,Low,Enhance pipeline insulation,2,2,2,Engineering
E-1000H2O2 → Waste liquid,Less,Temperature,Low Temperature,Phase separation error,Phase separation absorbs heat,Medium,3,3,3,Medium,Phase detector installation,Low,2,2,2,Low,Monitor phase change events,2,2,2,Engineering
E-1000H2O2 → Waste liquid,Less,Temperature,Low Temperature,Tank overfill,Cold cleaning water remains in tank,Medium,3,3,3,Medium,Level indicator alarm,Low,2,2,2,Low,Add redundant level gauge,2,2,2,Engineering
E-1000H2O2 → Waste liquid,Less,Temperature,Low Temperature,Wrong phase (liquid/vapor),Wrong phase reduces temp control,Medium,3,3,3,Medium,Phase check routine,Low,2,2,2,Low,Add phase verification on startup,2,2,2,Operations
E-1000H2O2 → Waste liquid,Less,Temperature,Low Temperature,Wrong chemical added,Wrong chemical absorbs heat,Medium,4,2,3,Medium,Chemical identity check,Low,2,1,1,Low,Double-check labels and documentation,2,1,1,Operations
E-1000H2O2 → Waste liquid,Less,Temperature,Low Temperature,Mixing incompatible materials,Exothermic reaction fails; endothermic event cools line,Medium,4,2,3,Medium,Mixing permit system,Low,2,1,1,Low,Pre-mixing compatibility review,2,1,1,Engineering
E-1000H2O2 → Waste liquid,Less,Temperature,Low Temperature,Safety relief device blocked,No heat release possible, temperature falls,Medium,3,3,3,Medium,Relief device inspection,Low,2,2,2,Low,Include low-temp check in device PM,2,2,2,Maintenance
E-1000H2O2 → Waste liquid,Less,Temperature,Low Temperature,Incorrect procedure followed,Skipped heating or faster draining reduces temperature,Medium,3,3,3,Medium,Procedure adherence audit,Low,2,2,2,Low,Retrain for cleaning protocol,2,2,2,Operations"
2025-12-08 06:41:44,L3,Pressure,More,"E-BARREL → E-1000H2O2,More,Pressure,High Pressure,Pump failure,Failure of transfer pump causes over-pressurization in line leading to potential line rupture,High,5,4,5,High,Pressure relief valve on line; local pressure gauge,Medium,4,2,4,Medium,Establish pump preventive maintenance schedule,4,2,4,Maintenance
E-BARREL → E-1000H2O2,More,Pressure,High Pressure,Valve stuck closed,Upstream pump continues to run against closed valve, causing rapid pressure increase,High,5,4,5,High,Pressure interlock to stop pump on high pressure,Medium,4,2,4,Medium,Install valve position feedback to control system,4,2,4,Engineering
E-BARREL → E-1000H2O2,More,Pressure,High Pressure,Valve stuck open,Vacuum applied with no restriction, drawing excessive H2O2 and raising line pressure,Medium,4,3,4,Medium,Vacuum system alarms; LC-1000 monitoring fill mass,Low,2,1,1,Low,Regularly test valve actuation and service intervals,2,1,1,Maintenance
E-BARREL → E-1000H2O2,More,Pressure,High Pressure,Control valve failure,Control valve fails fully open and vacuum overdraws peroxide, raising pressure,High,5,3,4,High,Interlock to isolate on high pressure,Medium,3,3,3,Medium,Implement redundant control valve in parallel,3,3,3,Engineering
E-BARREL → E-1000H2O2,More,Pressure,High Pressure,Abmormal source,Connection of wrong feed (e.g., air or N2) leads to unexpected pressure increase,High,4,5,5,High,Feed verification procedure; color-coded hoses,Medium,3,2,2,Low,Strictly enforce isolation and verification before transfers,3,2,2,Operations
E-BARREL → E-1000H2O2,More,Pressure,High Pressure,Blocked line,Blockage downstream of tank causes rapid pressure build-up during transfer,High,5,5,5,High,Burst disks; high pressure alarm,High,4,4,4,High,Schedule periodic line cleaning and inspection,4,4,4,Maintenance
E-BARREL → E-1000H2O2,More,Pressure,High Pressure,Line rupture,Mechanical failure leads to loss of containment under pressure,High,5,4,5,High,Leak detection sensors; double-walled piping,Medium,4,2,4,Medium,Upgrade piping to higher pressure class,4,2,4,Engineering
E-BARREL → E-1000H2O2,More,Pressure,High Pressure,Leakage in pipe or flange,Leaking flange or fitting could contribute to pressure loss and unsafe spray,Medium,3,3,3,Medium,Regular flange inspection; torque checks,Low,2,1,1,Low,Increase flange bolting inspection intervals,2,1,1,Maintenance
E-BARREL → E-1000H2O2,More,Pressure,High Pressure,Air entrainment,Air present in line leads to erratic pressure surges during startup,Medium,3,3,3,Medium,Air bleed valves installed before tank,Low,2,1,1,Low,Ensure de-aeration/burp procedure pre-transfer,2,1,1,Operations
E-BARREL → E-1000H2O2,More,Pressure,High Pressure,Vapor lock,Vapor formation in line blocks liquid, causing localized overpressure,Medium,4,3,4,Medium,Pressure relief device on line,Low,2,2,1,Low,Add heat tracing to minimize vapor lock,2,2,1,Engineering
E-BARREL → E-1000H2O2,More,Pressure,High Pressure,Cavitation,Cavitation in transfer pump causes sharp pressure spikes,Medium,4,3,4,Medium,Baffle plate in tank; level control LC-1000,Low,2,1,1,Low,Lower allowable NPSH, change suction piping design,2,1,1,Engineering
E-BARREL → E-1000H2O2,More,Pressure,High Pressure,Flashing,Sudden pressure drop leads to peroxide flashing, recondensation increases pressure,Medium,3,3,3,Medium,Smooth control valve ramping,Low,2,1,1,Low,Tune ramping profile; enhance pressure control logic,2,1,1,Engineering
E-BARREL → E-1000H2O2,More,Pressure,High Pressure,Slug flow,Intermittent slugs cause pulsating high pressure in downstream tank,Medium,3,3,3,Medium,Flow dampener in line,Low,2,1,1,Low,Install guided wave radar for flow detection,2,1,1,Engineering
E-BARREL → E-1000H2O2,More,Pressure,High Pressure,Fouling in heat exchanger,Fouling restricts flow, raising backpressure on fill line,Medium,3,3,3,Medium,Regular heat exchanger cleaning schedule,Low,2,1,1,Low,Install differential pressure transmitter with alarm,2,1,1,Engineering
E-BARREL → E-1000H2O2,More,Pressure,High Pressure,Tube rupture in heat exchanger,Ruptured tube causes pressure surge due to rapid pressure equalization,Medium,4,2,3,Medium,Pressure isolation valves,Low,2,1,1,Low,Perform tube integrity tests during maintenance,2,1,1,Maintenance
E-BARREL → E-1000H2O2,More,Pressure,High Pressure,Cooling water failure,Loss of cooling increases tank vapor pressure in vacuum transfer phase,High,4,4,4,High,High temp and pressure alarm in tank,Medium,3,2,2,Low,Add low-coolant level alarm and auto-shutdown,3,2,2,Engineering
E-BARREL → E-1000H2O2,More,Pressure,High Pressure,Steam supply failure,Absence of preheat increases viscosity, pump overworks, possible overpressure,Medium,3,3,3,Medium,Tank wall temp sensors and alarm,Low,2,1,1,Low,Update SOP to verify steam prior to transfer,2,1,1,Operations
E-BARREL → E-1000H2O2,More,Pressure,High Pressure,Instrument failure - sensor,Pressure sensor fails high, control logic keeps vacuum running, risking overpressure,High,5,3,4,High,Safety PLC with sensor validation,Medium,3,2,2,Low,Implement redundant sensor voting configuration,3,2,2,Engineering
E-BARREL → E-1000H2O2,More,Pressure,High Pressure,Instrument failure - transmitter,Transmitter failure leads to undetected overpressure in tank,High,5,3,4,High,Alarm on comms loss or bad transmitter values,Medium,4,2,4,Medium,Replace transmitters with diagnostics-enabled type,4,2,4,Maintenance
E-BARREL → E-1000H2O2,More,Pressure,High Pressure,Instrument failure - controller,Controller output stuck fails to close vacuum, causing extended overpressure,High,4,4,4,High,Manual override in field,Medium,3,2,2,Low,Annual review and simulation of controller fail modes,3,2,2,Engineering
E-BARREL → E-1000H2O2,More,Pressure,High Pressure,Instrument failure - valve actuator,Valve actuator stuck open; tank overpressurizes from uncontrolled transfer,High,5,3,4,High,Position feedback sensor; periodic actuator checks,Medium,3,2,2,Low,Upgrade actuators to fail-safe (spring return),3,2,2,Engineering
E-BARREL → E-1000H2O2,More,Pressure,High Pressure,Instrument calibration drift,Drift causes higher setpoint, allows unacceptable pressure rise in tank,Medium,4,3,4,Medium,Calibration logs and alarms for deviation,Low,2,2,1,Low,Increase calibration frequency,2,2,1,Maintenance
E-BARREL → E-1000H2O2,More,Pressure,High Pressure,Controller setpoint error,Incorrect setpoint allows excessive vacuum time, increasing tank pressure,Medium,3,3,3,Medium,Setpoint entry confirmation by second operator,Low,2,1,1,Low,Add dual-check procedure for setpoints,2,1,1,Operations
E-BARREL → E-1000H2O2,More,Pressure,High Pressure,PID tuning error,Bad tuning leads to oscillation, uncontrolled pressure spikes,Medium,3,4,3,Medium,PID audit and loop stability checks,Low,2,1,1,Low,Maintain tuning logbook and routine review,2,1,1,Engineering
E-BARREL → E-1000H2O2,More,Pressure,High Pressure,Power failure (main),Loss of vacuum recovery causes slow depressurization or stuck valve,Medium,3,3,3,Medium,UPS for actuator and instruments,Low,2,1,1,Low,Install battery backup for critical actuators,2,1,1,Engineering
E-BARREL → E-1000H2O2,More,Pressure,High Pressure,Power fluctuation or dip,Power dip causes process upsets, intermittent overpressure/undervoltage,Medium,3,3,3,Medium,Voltage stabilizer on control circuit,Low,2,1,1,Low,Add surge protection for control cabinets,2,1,1,Engineering
E-BARREL → E-1000H2O2,More,Pressure,High Pressure,UPS failure,Loss of emergency power could prevent relief valves from actuating,High,4,4,4,High,Periodic UPS testing and alarm,Medium,3,2,2,Low,Synchronize preventive maintenance plans for backup systems,3,2,2,Maintenance
E-BARREL → E-1000H2O2,More,Pressure,High Pressure,Alarm failure,Operator unaware of rising pressure if alarm not triggered/displayed,High,5,3,4,High,Failsafe hardwired alarms,Medium,3,2,2,Low,Test alarm functionality every shift,3,2,2,Operations
E-BARREL → E-1000H2O2,More,Pressure,High Pressure,Interlock logic error,Faulty logic could disable interlock, risking overpressure,High,5,3,4,High,Annual software safety audit,Medium,3,2,2,Low,Implement rigorous change management for interlock logic,3,2,2,Engineering
E-BARREL → E-1000H2O2,More,Pressure,High Pressure,Interlock bypassed,Temporary bypass not reset leads to uncontrolled pressure during transfer,High,5,3,4,High,Physical interlock bypass permit system,Medium,4,2,4,Medium,Recommend bypass-alarm with lockout,4,2,4,Operations
E-BARREL → E-1000H2O2,More,Pressure,High Pressure,PSV stuck closed,Overpressure if PSV fails to open when required,High,5,4,5,High,Dual redundant PSVs in parallel,Medium,3,2,2,Low,Implement regular PSV pop test schedule,3,2,2,Maintenance
E-BARREL → E-1000H2O2,More,Pressure,High Pressure,PSV stuck open,Continuous PSV open may prevent normal pressure control, risk of contamination ingress,Medium,4,3,4,Medium,Position switch on PSV; backup containment,Low,2,1,1,Low,Add open detection to alarm system,2,1,1,Maintenance
E-BARREL → E-1000H2O2,More,Pressure,High Pressure,PSV setpoint incorrect,PSV set too high/low, allowing excessive pressure before venting,High,5,4,5,High,Annual PSV calibration logs,Medium,4,2,4,Medium,Enforce 2-person PSV setpoint check policy,4,2,4,Maintenance
E-BARREL → E-1000H2O2,More,Pressure,High Pressure,Human error - startup,Operator fails to check initial valve states, overfills/overpressurizes tank,High,4,4,4,High,Startup checklist requiring double sign-off,Medium,3,2,2,Low,Operator H2O2 process refresher training,3,2,2,Operations
E-BARREL → E-1000H2O2,More,Pressure,High Pressure,Human error - shutdown,Premature shutdown leaves line pressurized, potential for sudden release,Medium,3,3,3,Medium,Shutdown procedure with pressure confirmation,Low,2,1,1,Low,Mandatory vent step before shutdown,2,1,1,Operations
E-BARREL → E-1000H2O2,More,Pressure,High Pressure,Human error - normal operation,Incorrect operation sequence causes backpressure on fill line,Medium,3,3,3,Medium,Tank level trend review during transfer,Low,2,1,1,Low,Operator process sequencing retraining,2,1,1,Operations
E-BARREL → E-1000H2O2,More,Pressure,High Pressure,Operator misreads gauge,Inaccurate reading causes transfer to continue past safe pressure,High,4,3,4,High,Digital display with trip,Low,2,2,1,Low,Revise operator training and gauge labeling,2,2,1,Operations
E-BARREL → E-1000H2O2,More,Pressure,High Pressure,Incorrect manual valve alignment,Wrong valve sequence pressurizes isolated section unintentionally,High,5,3,4,High,Valve position tags/locks,Medium,3,2,2,Low,Implement valve alignment checksheets,3,2,2,Operations
E-BARREL → E-1000H2O2,More,Pressure,High Pressure,Maintenance error - reinstatement,Improper reinstatement leaves isolation or relief valve out-of-service,High,5,3,4,High,Maintenance handover sign-off and verification,Medium,4,2,4,Medium,Safety-critical checklist for reinstatement,4,2,4,Maintenance
E-BARREL → E-1000H2O2,More,Pressure,High Pressure,Maintenance error - bypass left open,Unexplained bypass allows overpressure due to uncontrolled flow,High,4,3,4,High,Bypass valve alarm/tamper seal,Medium,3,2,2,Low,Add post-maintenance checklist for bypass closure,3,2,2,Maintenance
E-BARREL → E-1000H2O2,More,Pressure,High Pressure,Utility outage,Loss of N2 or compressed air may disable relief systems and instrument air controls,High,4,3,4,High,Manual vent valve as backup,Medium,3,2,2,Low,Install low-pressure N2 alarm with auto-callout,3,2,2,Engineering
E-BARREL → E-1000H2O2,More,Pressure,High Pressure,Incorrect mixing ratio,Unexpected reaction or thermal change in tank elevates pressure,High,5,3,4,High,Automated dosing; color-coded drums,Medium,4,2,4,Medium,Implement QA double-check for chemical prep,4,2,4,Operations
E-BARREL → E-1000H2O2,More,Pressure,High Pressure,Ambient temperature,High ambient temp leads to increased tank vapor pressure,High,4,3,4,High,Ambient monitoring with alert to stop transfer,Medium,3,2,2,Low,Install weather shield and tank insulation,3,2,2,Engineering
E-BARREL → E-1000H2O2,More,Pressure,High Pressure,Phase separation error,Improper venting causes phase separation, creating gas pressurization,High,4,3,4,High,Tank internal level and interface detection,Medium,3,2,2,Low,Update SOP to include phase observation and venting,3,2,2,Operations
E-BARREL → E-1000H2O2,More,Pressure,High Pressure,Tank overfill,Continued transfer due to failed level control results in dangerous overpressure,High,5,3,4,High,Interlock stops transfer on high level,Medium,4,2,4,Medium,Increase inspection frequency for LC-1000 and shutoff,4,2,4,Maintenance
E-BARREL → E-1000H2O2,More,Pressure,High Pressure,Wrong phase (liquid/vapor),Liquid-vapor transition in feed line creates instant pressure spike,Medium,4,3,4,Medium,Visual flow indicator,Low,2,2,1,Low,Mandate operator visual check of line prior to start,2,2,1,Operations
E-BARREL → E-1000H2O2,More,Pressure,High Pressure,Wrong chemical added,Exothermic reaction in tank due to incompatible chemical elevates pressure rapidly,High,5,3,4,High,Barcode scanning for chemical ID,Medium,3,2,2,Low,Institute bulk chemical tracking sheet,3,2,2,Operations
E-BARREL → E-1000H2O2,More,Pressure,High Pressure,Mixing incompatible materials,Mixing incompatible chemicals causes rapid pressure rise,High,5,3,4,High,Pre-transfer compatibility check; chemical SDS review,Medium,3,2,2,Low,Add interlock to scan/verify chemicals before transfer,3,2,2,Engineering
E-BARREL → E-1000H2O2,More,Pressure,High Pressure,Safety relief device blocked,Blocked PSV unable to relieve line, pressure increases to dangerous levels,High,5,5,5,High,Pressure monitoring upstream of device,High,4,4,4,High,Inspect and clear PSV vents prior to major transfers,4,4,4,Maintenance
E-BARREL → E-1000H2O2,More,Pressure,High Pressure,Incorrect procedure followed,Procedure steps out of sequence cause pressurization of tank,High,4,3,4,High,Pre-job supervisor checklist,Medium,3,2,2,Low,Refresher HAZOP/procedure training for crew,3,2,2,Operations"
2025-12-08 06:42:38,L3,Pressure,Less,"E-BARREL → E-1000H2O2,Less,Pressure,Low Pressure,Pump failure,Transfer of H2O2 to storage tank fails; delayed operation,Medium,4,3,4,Medium,Vacuum pressure indicator; alarms,Low,3,1,1,Low,Install backup pump for transfer,3,1,1,Engineering
E-BARREL → E-1000H2O2,Less,Pressure,Low Pressure,Valve stuck closed,No flow from barrels to tank; incomplete filling,Medium,3,4,3,Medium,Manual valve position check; interlocks,Low,2,2,1,Low,Implement periodic valve exercising,2,2,1,Maintenance
E-BARREL → E-1000H2O2,Less,Pressure,Low Pressure,Valve stuck open,Unable to create required vacuum; poor transfer,Medium,3,3,3,Medium,Vacuum gauge; operator monitoring,Low,2,1,1,Low,Install position feedback sensors on valves,2,1,1,Engineering
E-BARREL → E-1000H2O2,Less,Pressure,Low Pressure,Control valve failure,Inadequate vacuum generation; slow transfer,Medium,3,4,3,Medium,Alarm on vacuum level,Low,2,2,1,Low,Review control valve PM,2,2,1,Maintenance
E-BARREL → E-1000H2O2,Less,Pressure,Low Pressure,Abmormal source,Barrel supply underpressurized or not vented,Medium,4,2,2,Low,Source pressure check,Low,3,1,1,Low,Add barrel pressure monitoring checklist,3,1,1,Operations
E-BARREL → E-1000H2O2,Less,Pressure,Low Pressure,Blocked line,No flow of H2O2; stuck operation,Medium,4,3,4,Medium,Visual inspection; transfer pressure alarms,Low,3,1,1,Low,Incorporate routine line flushing,3,1,1,Maintenance
E-BARREL → E-1000H2O2,Less,Pressure,Low Pressure,Line rupture,Venting to atmosphere; possible peroxide vapor emission,High,4,4,4,Medium,Pressure drop alarms,Medium,3,2,1,Low,Strengthen leak response training,3,2,1,Operations
E-BARREL → E-1000H2O2,Less,Pressure,Low Pressure,Leakage in pipe or flange,Loss of vacuum; poor transfer and spill hazard,Medium,4,2,2,Low,Regular fitting checks,Low,2,2,1,Low,Use improved gasket material,2,2,1,Engineering
E-BARREL → E-1000H2O2,Less,Pressure,Low Pressure,Air entrainment,Interruption of liquid flow; incomplete transfer,Medium,3,3,3,Medium,Air trap devices,Low,2,1,1,Low,Add inline air elimination,2,1,1,Engineering
E-BARREL → E-1000H2O2,Less,Pressure,Low Pressure,Vapor lock,Transfer stops due to vapor entrapment,Medium,3,2,2,Low,Manually vent lines,Low,2,1,1,Low,Add automatic vent valves,2,1,1,Engineering
E-BARREL → E-1000H2O2,Less,Pressure,Low Pressure,Cavitation,Loss of suction in pump or transfer line,Medium,3,2,2,Low,Flow and vacuum monitoring,Low,2,1,1,Low,Ensure suction head is adequate,2,1,1,Engineering
E-BARREL → E-1000H2O2,Less,Pressure,Low Pressure,Flashing,Premature vaporization causes transfer stalls,Medium,3,2,2,Low,Vacuum pressure alarm,Low,2,1,1,Low,Set stricter process temperature limits,2,1,1,Engineering
E-BARREL → E-1000H2O2,Less,Pressure,Low Pressure,Slug flow,Erratic transfer of H2O2, occasional surging,Medium,2,4,2,Low,Level monitoring,Low,1,2,1,Low,Provide baffle in tank inlet,1,2,1,Engineering
E-BARREL → E-1000H2O2,Less,Pressure,Low Pressure,Fouling in heat exchanger,Vacuum system cooling efficiency drops; transfer slows,Medium,3,3,3,Medium,Cooling circuit flow indicators,Low,2,1,1,Low,Increase heat exchanger cleaning frequency,2,1,1,Maintenance
E-BARREL → E-1000H2O2,Less,Pressure,Low Pressure,Tube rupture in heat exchanger,Loss of cooling; vapor generation in vacuum system,High,4,4,4,Medium,Pressure/temperature alarms,Medium,3,2,1,Low,Conduct tube integrity NDT,3,2,1,Maintenance
E-BARREL → E-1000H2O2,Less,Pressure,Low Pressure,Cooling water failure,Vacuum pump overheats; H2O2 transfer disrupted,Medium,3,3,3,Medium,Coolant pressure alarm,Low,2,1,1,Low,Install redundant cooling line,2,1,1,Engineering
E-BARREL → E-1000H2O2,Less,Pressure,Low Pressure,Steam supply failure,Vapor-driven vacuum system fails,Medium,2,4,2,Low,Steam supply pressure indicator,Low,1,2,1,Low,Provide electric backup,1,2,1,Engineering
E-BARREL → E-1000H2O2,Less,Pressure,Low Pressure,Instrument failure - sensor,Vacuum sensor reads falsely high; no alarm,Medium,4,2,2,Low,Redundant sensors,Low,3,1,1,Low,Add periodic vacuum sensor testing,3,1,1,Maintenance
E-BARREL → E-1000H2O2,Less,Pressure,Low Pressure,Instrument failure - transmitter,False indication; transfer process not started,Medium,3,3,3,Medium,Transmitter health checks,Low,2,1,1,Low,Install transmitter diagnostics,2,1,1,Engineering
E-BARREL → E-1000H2O2,Less,Pressure,Low Pressure,Instrument failure - controller,Vacuum control lost; unable to generate suction,Medium,3,3,3,Medium,Manual override,Low,2,1,1,Low,Controller redundancy,2,1,1,Engineering
E-BARREL → E-1000H2O2,Less,Pressure,Low Pressure,Instrument failure - valve actuator,Vacuum valve not actuating, transfer ceases,Medium,3,2,2,Low,Actuator position feedback,Low,2,1,1,Low,Increase actuator PM,2,1,1,Maintenance
E-BARREL → E-1000H2O2,Less,Pressure,Low Pressure,Instrument calibration drift,Vacuum setpoint out of range; transfer impairment,Medium,3,3,3,Medium,Calibration records review,Low,2,1,1,Low,Shorten calibration intervals,2,1,1,Maintenance
E-BARREL → E-1000H2O2,Less,Pressure,Low Pressure,Controller setpoint error,Vaccum below design; slow fill,Medium,2,4,2,Low,Setpoint confirmation by operator,Low,1,2,1,Low,Implement setpoint verification step,1,2,1,Operations
E-BARREL → E-1000H2O2,Less,Pressure,Low Pressure,PID tuning error,Vacuum regulation unstable; transfer stops,Medium,3,3,3,Medium,Operator trend review,Low,2,1,1,Low,Improve PID tuning procedures,2,1,1,Engineering
E-BARREL → E-1000H2O2,Less,Pressure,Low Pressure,Power failure (main),Vacuum and transfer halt; possible premature process stop,Medium,3,2,2,Low,UPS system,Low,2,1,1,Low,Add local generator backup for transfer,2,1,1,Engineering
E-BARREL → E-1000H2O2,Less,Pressure,Low Pressure,Power fluctuation or dip,Vacuum pump slows, transfer partially impedes,Medium,3,3,3,Medium,Power quality monitor,Low,2,1,1,Low,Investigate supply stabilization,2,1,1,Engineering
E-BARREL → E-1000H2O2,Less,Pressure,Low Pressure,UPS failure,No transfer during short outage, possible batch interruption,Medium,3,3,3,Medium,Periodic UPS test and alarms,Low,2,1,1,Low,Upgrade UPS with transfer capacity,2,1,1,Engineering
E-BARREL → E-1000H2O2,Less,Pressure,Low Pressure,Alarm failure,Low pressure not indicated, transfer issue undetected,Medium,3,3,3,Medium,Operator inspection; redundant alarms,Low,2,1,1,Low,Implement alarm management program,2,1,1,Engineering
E-BARREL → E-1000H2O2,Less,Pressure,Low Pressure,Interlock logic error,False trip prevents vacuum application, delayed transfer,Medium,3,3,3,Medium,Logic test routines,Low,2,1,1,Low,Update FAT/SAT for interlock,2,1,1,Engineering
E-BARREL → E-1000H2O2,Less,Pressure,Low Pressure,Interlock bypassed,Operator disables automatic vacuum cut-in, transfer not started,Medium,3,2,2,Low,Supervisory review,Low,2,1,1,Low,Alarm when bypass active,2,1,1,Engineering
E-BARREL → E-1000H2O2,Less,Pressure,Low Pressure,PSV stuck closed,Vacuum system cannot relieve; potential equipment damage,Medium,3,2,2,Low,Vacuum relief valve indicator,Low,2,1,1,Low,Perform regular PSV functional checks,2,1,1,Maintenance
E-BARREL → E-1000H2O2,Less,Pressure,Low Pressure,PSV stuck open,Continuous vacuum loss leads to transfer stoppage,Medium,3,3,3,Medium,PSV status alarm,Low,2,1,1,Low,Install position switch for PSV,2,1,1,Engineering
E-BARREL → E-1000H2O2,Less,Pressure,Low Pressure,PSV setpoint incorrect,Vacuum not reaching required level, transfer incomplete,Medium,3,3,3,Medium,Regular PSV calibration,Low,2,1,1,Low,Set up automated PSV setpoint verification,2,1,1,Engineering
E-BARREL → E-1000H2O2,Less,Pressure,Low Pressure,Human error - startup,Operator incorrectly configures system, transfer fails,Medium,3,4,3,Medium,Startup checklist,Low,2,2,1,Low,Strengthen pre-start training,2,2,1,Operations
E-BARREL → E-1000H2O2,Less,Pressure,Low Pressure,Human error - shutdown,Premature shutdown causes incomplete transfer,Medium,3,3,3,Medium,Shutdown SOPs,Low,2,1,1,Low,Add shutdown verification steps,2,1,1,Operations
E-BARREL → E-1000H2O2,Less,Pressure,Low Pressure,Human error - normal operation,Failure to monitor vacuum, operation delays,Medium,3,3,3,Medium,Operator rounds; display alarms,Low,2,1,1,Low,Enhance training on vacuum monitoring,2,1,1,Operations
E-BARREL → E-1000H2O2,Less,Pressure,Low Pressure,Operator misreads gauge,Low vacuum goes unnoticed; incomplete fill,Medium,3,3,3,Medium,Digital display calibrated,Low,2,1,1,Low,Train on interpreting sensor readout,2,1,1,Operations
E-BARREL → E-1000H2O2,Less,Pressure,Low Pressure,Incorrect manual valve alignment,Vacuum system not isolated; transfer fails,Medium,3,4,3,Medium,Valve alignment procedure,Low,2,2,1,Low,Add valve line-up tags,2,2,1,Maintenance
E-BARREL → E-1000H2O2,Less,Pressure,Low Pressure,Maintenance error - reinstatement,Incorrect reconnection causes leak, vacuum loss,Medium,3,3,3,Medium,Post-maintenance QA audit,Low,2,1,1,Low,Include verification in work permit,2,1,1,Maintenance
E-BARREL → E-1000H2O2,Less,Pressure,Low Pressure,Maintenance error - bypass left open,Bypass valve leaks; vacuum not held,Medium,3,3,3,Medium,Manual bypass log,Low,2,1,1,Low,Install bypass valve monitor alarm,2,1,1,Engineering
E-BARREL → E-1000H2O2,Less,Pressure,Low Pressure,Utility outage,Loss of vacuum; interrupted transfer,Medium,3,3,3,Medium,Utility supply status indicator,Low,2,1,1,Low,Consider N2 backup for utility vacuum,2,1,1,Engineering
E-BARREL → E-1000H2O2,Less,Pressure,Low Pressure,Incorrect mixing ratio,Diluted H2O2 vapor pressure wrong; transfer slows,Medium,3,2,2,Low,Pre-mix verification,Low,2,1,1,Low,Automate ratio measurement,2,1,1,Engineering
E-BARREL → E-1000H2O2,Less,Pressure,Low Pressure,Ambient temperature,Colder ambient causes less vapor pressure in barrels,Medium,3,2,2,Low,Monitor and log ambient,Low,2,1,1,Low,Heat trace the transfer line,2,1,1,Engineering
E-BARREL → E-1000H2O2,Less,Pressure,Low Pressure,Phase separation error,Water phase enters vacuum system; reduces suction,Medium,3,3,3,Medium,Phase detector,Low,2,1,1,Low,Train operators in phase control,2,1,1,Operations
E-BARREL → E-1000H2O2,Less,Pressure,Low Pressure,Tank overfill,Tank vacuum lost due to high level, flow stops,Medium,3,2,2,Low,Level transmitter with cutoff,Low,2,1,1,Low,Add secondary high level alarm,2,1,1,Engineering
E-BARREL → E-1000H2O2,Less,Pressure,Low Pressure,Wrong phase (liquid/vapor),Vapor instead of liquid drawn, flow minimal,Medium,2,3,2,Low,Visual phase check,Low,1,2,1,Low,Update barrel sampling SOP,1,2,1,Operations
E-BARREL → E-1000H2O2,Less,Pressure,Low Pressure,Wrong chemical added,Non-H2O2 chemical, wrong vapor pressure, transfer fails,Medium,3,2,2,Low,Chemical ID double-check,Low,2,1,1,Low,Color code barrels and hoses,2,1,1,Operations
E-BARREL → E-1000H2O2,Less,Pressure,Low Pressure,Mixing incompatible materials,Mixture foams, creates vacuum loss and stalls transfer,Medium,2,4,2,Low,Pre-mix compatibility check,Low,1,2,1,Low,Operator refresher on mixing,1,2,1,Operations
E-BARREL → E-1000H2O2,Less,Pressure,Low Pressure,Safety relief device blocked,No vacuum protection; equipment strain,Medium,3,2,2,Low,Vacuum relief test,Low,2,1,1,Low,Inspect relief device during maintenance,2,1,1,Maintenance
E-BARREL → E-1000H2O2,Less,Pressure,Low Pressure,Incorrect procedure followed,Incorrect sequence, vacuum not applied or held,Medium,3,3,3,Medium,Documented work instructions,Low,2,1,1,Low,Revise SOP for transfer,2,1,1,Operations"
